file,role,account,viewport,route,page_or_workflow,state,appendix_section,chapter_4_candidate,captured_at,commit,notes
alumni/alumni__dashboard__verification-pending__desktop.png,alumni,demo-alumni@cloie.test,1440x900,/alumni/dashboard,Alumni portal entry,Verification pending notice with pending evaluation list,E-9.2,FALSE,2026-09-14,e18c0e4,Verification-pending notice with the pending evaluation list.
alumni/alumni__dashboard__verification-pending__mobile.png,alumni,demo-alumni@cloie.test,390x844,/alumni/dashboard,Alumni portal entry on mobile,Verification pending notice and bottom navigation,E-9.6,FALSE,2026-09-14,e18c0e4,Verification-pending notice and bottom navigation.
alumni/alumni__evaluation-wizard__introduction__desktop.png,alumni,demo-alumni@cloie.test,1440x900,/alumni/evaluations/fb000000-0000-4000-8000-000000000001,Answer a program-wide alumni evaluation,Section 1 of 5 with verification notice and progress indicator,E-9.5,FALSE,2026-09-14,e18c0e4,Section 1 of 5 of a program-wide alumni evaluation with verification notice and progress indicator. UUID abbreviated in the slice ledger; resolved from the seed id constants and verified against the running app.
alumni/alumni__evaluation-wizard__introduction__mobile.png,alumni,demo-alumni@cloie.test,390x844,/alumni/evaluations/fb000000-0000-4000-8000-000000000001,Answer a program-wide alumni evaluation,Section 1 of 5 with progress indicator,E-9.6,FALSE,2026-09-14,e18c0e4,UUID abbreviated in the slice ledger; resolved from the seed id constants and verified against the running app.
alumni/alumni__evaluation-wizard__likert-rating-section__desktop.png,alumni,demo-alumni@cloie.test,1440x900,/alumni/evaluations/fb000000-0000-4000-8000-000000000001,Answer a program-wide alumni evaluation,Program-wide Likert rows with agreement scale,E-9.5,FALSE,2026-09-14,e18c0e4,Program-wide Likert rows with the agreement scale. UUID abbreviated in the slice ledger; resolved from the seed id constants and verified against the running app.
alumni/alumni__evaluation-wizard__likert-ratings-selected__desktop.png,alumni,demo-alumni@cloie.test,1440x900,/alumni/evaluations/fb000000-0000-4000-8000-000000000001,Answer a program-wide alumni evaluation,"Two agreement ratings selected, none submitted",E-9.5,FALSE,2026-09-14,e18c0e4,Two agreement ratings selected; nothing submitted. UUID abbreviated in the slice ledger; resolved from the seed id constants and verified against the running app.
alumni/alumni__evaluation-wizard__validation-error__desktop.png,alumni,demo-alumni@cloie.test,1440x900,/alumni/evaluations/fb000000-0000-4000-8000-000000000001,Answer a program-wide alumni evaluation,"Incomplete-section validation message, nothing submitted",E-9.7,FALSE,2026-09-14,e18c0e4,Incomplete-section validation message; nothing submitted. UUID abbreviated in the slice ledger; resolved from the seed id constants and verified against the running app.
alumni/alumni__evaluation-wizard__validation-error__mobile.png,alumni,demo-alumni@cloie.test,390x844,/alumni/evaluations/fb000000-0000-4000-8000-000000000001,Answer a program-wide alumni evaluation,"Incomplete-section validation message, nothing submitted — Secondary E-9.6.",E-9.7,FALSE,2026-09-14,e18c0e4,Incomplete-section validation message; nothing submitted. UUID abbreviated in the slice ledger; resolved from the seed id constants and verified against the running app.
alumni/alumni__evaluations__available-list__desktop.png,alumni,demo-alumni@cloie.test,1440x900,/alumni/evaluations,Select a program-wide evaluation,Open and recently submitted program-wide evaluations,E-9.5,FALSE,2026-09-14,e18c0e4,Open and recently submitted program-wide evaluations.
alumni/alumni__evaluations__available-list__mobile.png,alumni,demo-alumni@cloie.test,390x844,/alumni/evaluations,Select a program-wide evaluation on mobile,Open and recently submitted program-wide evaluations,E-9.6,FALSE,2026-09-14,e18c0e4,
alumni/alumni__evaluations__submitted-confirmation__desktop.png,alumni,demo-alumni@cloie.test,1440x900,/alumni/evaluations/bbbbbbbb-bbbb-4bbb-8bbb-bbbbbbbbbbbb/submitted,Review a submitted program-wide evaluation,"Frozen submitted quantitative answers with timestamp — Frozen submitted review; frame stops before the qualitative section, so only numeric ratings appear.",E-9.5,FALSE,2026-09-14,e18c0e4,Frozen submitted review; the frame stops before the qualitative section so only numeric ratings appear. UUID abbreviated in the slice ledger; resolved from the seed id constants and verified against the running app.
alumni/alumni__evaluations__submitted-confirmation__mobile.png,alumni,demo-alumni@cloie.test,390x844,/alumni/evaluations/bbbbbbbb-bbbb-4bbb-8bbb-bbbbbbbbbbbb/submitted,Review a submitted evaluation on mobile,Frozen submitted quantitative answers with timestamp — Numeric ratings only in frame; confidential qualitative answers are below the fold.,E-9.6,FALSE,2026-09-14,e18c0e4,"Frozen submitted review, numeric ratings only in frame. UUID abbreviated in the slice ledger; resolved from the seed id constants and verified against the running app."
alumni/alumni__evaluations__submitted-qualitative-section__desktop.png,alumni,demo-alumni@cloie.test,1440x900,/alumni/evaluations/bbbbbbbb-bbbb-4bbb-8bbb-bbbbbbbbbbbb/submitted,Review a submitted program-wide evaluation,Qualitative prompts with redacted confidential answers — Qualitative answers redacted with opaque mask blocks.,E-9.5,FALSE,2026-09-14,e18c0e4,Qualitative prompts with the confidential answers masked by opaque blocks. UUID abbreviated in the slice ledger; resolved from the seed id constants and verified against the running app.
alumni/alumni__history__submitted-list__desktop.png,alumni,demo-alumni@cloie.test,1440x900,/alumni/history,Review submission history,Submitted program-wide evaluations across academic periods,E-9.5,FALSE,2026-09-14,e18c0e4,
alumni/alumni__history__submitted-list__mobile.png,alumni,demo-alumni@cloie.test,390x844,/alumni/history,Review submission history on mobile,Submitted program-wide evaluations across academic periods,E-9.6,FALSE,2026-09-14,e18c0e4,
alumni/alumni__profile__program-affiliation__desktop.png,alumni,demo-alumni@cloie.test,1440x900,/alumni/profile,View profile and program affiliation,Program affiliation and verification status with privacy notice,E-9.2,FALSE,2026-09-14,e18c0e4,Program affiliation and verification status with privacy notice.
alumni/alumni__profile__program-affiliation__mobile.png,alumni,demo-alumni@cloie.test,390x844,/alumni/profile,View profile on mobile,Program affiliation and verification status,E-9.6,FALSE,2026-09-14,e18c0e4,
dean/dean__academic-structure__default__desktop.png,dean,demo-dean@cloie.test,1440x900,/dean/academic-structure,Academic Structure landing,default,E-9.3,FALSE,2026-09-14,e18c0e4,"Canonical Dean management entry; /dean/programs, /dean/courses, /dean/course-assignments and /dean/instruments redirect here."
dean/dean__college-oversight__default__desktop.png,dean,demo-dean@cloie.test,1440x900,/dean/college-oversight,College Oversight landing,default,E-9.3,FALSE,2026-09-14,e18c0e4,
dean/dean__college-oversight__default__mobile.png,dean,demo-dean@cloie.test,390x844,/dean/college-oversight,College Oversight landing,default,E-9.6,FALSE,2026-09-14,e18c0e4,
dean/dean__course-assignments__default__desktop.png,dean,demo-dean@cloie.test,1440x900,/dean/academic-structure/course-assignments,Course assignments (all-program),default list,E-9.3,FALSE,2026-09-14,e18c0e4,
dean/dean__course-assignments__default__mobile.png,dean,demo-dean@cloie.test,390x844,/dean/academic-structure/course-assignments,Course assignments (all-program),default list,E-9.6,FALSE,2026-09-14,e18c0e4,
dean/dean__course-form__edit-existing-course__desktop.png,dean,demo-dean@cloie.test,1440x900,/dean/academic-structure/courses/b90dfe20-d57f-4360-9215-ff97a11eed15/edit,Course record maintenance,existing course edit form (not saved),E-9.3,FALSE,2026-09-14,e18c0e4,Existing course record with values; not saved.
dean/dean__courses__default__desktop.png,dean,demo-dean@cloie.test,1440x900,/dean/academic-structure/courses,Course catalog,default list,E-9.3,FALSE,2026-09-14,e18c0e4,
dean/dean__courses__default__mobile.png,dean,demo-dean@cloie.test,390x844,/dean/academic-structure/courses,Course catalog,default list,E-9.6,FALSE,2026-09-14,e18c0e4,
dean/dean__dashboard__default__desktop.png,dean,demo-dean@cloie.test,1440x900,/dean/dashboard,Dean dashboard,default (active period KPIs),E-9.3,FALSE,2026-09-14,e18c0e4,
dean/dean__dashboard__default__mobile.png,dean,demo-dean@cloie.test,390x844,/dean/dashboard,Dean dashboard,default,E-9.6,FALSE,2026-09-14,e18c0e4,
dean/dean__instrument-builder__existing-template__desktop.png,dean,demo-dean@cloie.test,1440x900,/dean/academic-structure/instruments/d69c589c-4b8b-4dcb-b630-eea6babe1dc9/edit,Instrument builder,existing institutional baseline open for editing,E-9.3,FALSE,2026-09-14,e18c0e4,Existing institutional baseline open for editing; not saved.
dean/dean__instruments__default__desktop.png,dean,demo-dean@cloie.test,1440x900,/dean/academic-structure/instruments,Institutional evaluation tools,default list,E-9.3,FALSE,2026-09-14,e18c0e4,
dean/dean__instruments__default__mobile.png,dean,demo-dean@cloie.test,390x844,/dean/academic-structure/instruments,Institutional evaluation tools,default list,E-9.6,FALSE,2026-09-14,e18c0e4,
dean/dean__learning-outcomes__active-period__desktop.png,dean,demo-dean@cloie.test,1440x900,/dean/college-oversight/learning-outcomes?period=7a0211d0-5fa8-46e0-abff-9aed2f7d78a9,Learning outcome oversight,active period selected,E-9.3,FALSE,2026-09-14,e18c0e4,Active period selected (2026-2027 - 2nd Semester - 2nd Term). Route id resolved at capture time from the running app (seeded UUID).
dean/dean__learning-outcomes__active-period__mobile.png,dean,demo-dean@cloie.test,390x844,/dean/college-oversight/learning-outcomes?period=7a0211d0-5fa8-46e0-abff-9aed2f7d78a9,Learning outcome oversight,active period selected,E-9.6,FALSE,2026-09-14,e18c0e4,Active period selected; responsive composition. Route id resolved at capture time from the running app (seeded UUID).
dean/dean__learning-outcomes__completed-period-empty-snapshot__desktop.png,dean,demo-dean@cloie.test,1440x900,/dean/college-oversight/learning-outcomes?period=fda3bf25-5bab-45ec-a57e-0f679caae194,Learning outcome oversight,completed period snapshot with no recorded programs/outcomes (empty state),E-9.7,FALSE,2026-09-14,e18c0e4,2026-2027 - 1st Semester - 1st Term snapshot with no recorded programs/outcomes (genuine empty state). The two 2025-2026 periods render the app error boundary instead - see README follow-up note. Route id resolved at capture time from the running app (seeded UUID).
dean/dean__learning-outcomes__risk-filter__desktop.png,dean,demo-dean@cloie.test,1440x900,/dean/college-oversight/learning-outcomes?period=7a0211d0-5fa8-46e0-abff-9aed2f7d78a9&risk=missing-cilos,Learning outcome oversight (primary workflow),risk bucket filtered to missing-cilos,E-9.3,FALSE,2026-09-14,e18c0e4,Primary oversight workflow; risk bucket filtered to missing-cilos. Route id resolved at capture time from the running app (seeded UUID).
dean/dean__learning-outcomes__risk-filter__mobile.png,dean,demo-dean@cloie.test,390x844,/dean/college-oversight/learning-outcomes?period=7a0211d0-5fa8-46e0-abff-9aed2f7d78a9&risk=missing-cilos,Learning outcome oversight (primary workflow),risk bucket filtered to missing-cilos,E-9.6,FALSE,2026-09-14,e18c0e4,Primary oversight workflow; risk bucket filtered to missing-cilos. Route id resolved at capture time from the running app (seeded UUID).
dean/dean__navigation__drawer-open__mobile.png,dean,demo-dean@cloie.test,390x844,/dean/dashboard,Primary navigation,mobile navigation drawer open,E-9.6,FALSE,2026-09-14,e18c0e4,
dean/dean__profile__college-wide-scope__desktop.png,dean,demo-dean@cloie.test,1440x900,/dean/profile,Dean profile and scope,college-wide scope,E-9.2,FALSE,2026-09-14,e18c0e4,College-wide scope surface.
dean/dean__profile__college-wide-scope__mobile.png,dean,demo-dean@cloie.test,390x844,/dean/profile,Dean profile and scope,college-wide scope,E-9.6,FALSE,2026-09-14,e18c0e4,College-wide scope surface.
dean/dean__programs__default__desktop.png,dean,demo-dean@cloie.test,1440x900,/dean/academic-structure/programs,Programs management,default list,E-9.3,FALSE,2026-09-14,e18c0e4,
dean/dean__programs__default__mobile.png,dean,demo-dean@cloie.test,390x844,/dean/academic-structure/programs,Programs management,default list,E-9.6,FALSE,2026-09-14,e18c0e4,
faculty/faculty__analytics__cilo-results__desktop.png,faculty,demo-faculty@cloie.test,1440x900,/faculty/analytics?view=cilos,CILO results view (aggregate CILO evidence),default,E-9.4,FALSE,2026-09-14,e18c0e4,
faculty/faculty__analytics__cilo-results__mobile.png,faculty,demo-faculty@cloie.test,390x844,/faculty/analytics?view=cilos,"Same CILO results view, responsive layout",default,E-9.6,FALSE,2026-09-14,e18c0e4,
faculty/faculty__analytics__overview__desktop.png,faculty,demo-faculty@cloie.test,1440x900,/faculty/analytics,"Faculty analytics Overview with evidence-scope filters (term, course, class, evaluation, status)","default, all evidence",E-9.4,FALSE,2026-09-14,e18c0e4,
faculty/faculty__analytics__overview__mobile.png,faculty,demo-faculty@cloie.test,390x844,/faculty/analytics,"Same analytics Overview, responsive filter layout","default, all evidence",E-9.6,FALSE,2026-09-14,e18c0e4,
faculty/faculty__analytics__written-feedback__desktop.png,faculty,demo-faculty@cloie.test,1440x900,/faculty/analytics?view=qualitative,"Written feedback view — aggregate term cloud only (""Individual students and individual submissions are never shown"")","default (aggregate, above the confidentiality floor)",E-9.4,FALSE,2026-09-14,e18c0e4,Aggregate term cloud only; individual students and submissions are never shown.
faculty/faculty__analytics__written-feedback__mobile.png,faculty,demo-faculty@cloie.test,390x844,/faculty/analytics?view=qualitative,"Same written-feedback view, responsive layout",default,E-9.6,FALSE,2026-09-14,e18c0e4,Aggregate term cloud only; individual students and submissions are never shown.
faculty/faculty__cilo-alignment__workspace__desktop.png,faculty,demo-faculty@cloie.test,1440x900,/faculty/cilos/65f5e114-f38d-40b0-8a32-e2b6020af5eb/alignment,"Course alignment workspace — GEETHICS: Ethics, CILO × ILO L/P/O classification matrix","default, ""0 of 2 CILOs covered"", 0 staged changes",E-9.4,FALSE,2026-09-14,e18c0e4,"CILO x ILO L/P/O matrix; 0 of 2 CILOs covered, 0 staged changes; grid scrolls inside its own container."
faculty/faculty__cilo-alignment__workspace__mobile.png,faculty,demo-faculty@cloie.test,390x844,/faculty/cilos/65f5e114-f38d-40b0-8a32-e2b6020af5eb/alignment,"Same alignment workspace, responsive layout","default, 0 staged changes",E-9.6,FALSE,2026-09-14,e18c0e4,CILO x ILO L/P/O matrix; 0 staged changes; grid scrolls inside its own container.
faculty/faculty__cilo-evaluation-publish__form__desktop.png,faculty,demo-faculty@cloie.test,1440x900,/faculty/cilo-evaluations/new?templateId=10bb1830-7edd-49f3-bd9a-356599f55e68,"Course-bound evaluation publication form (deployment name, class assignment, activation/deadline, saved CILO bindings, Preview Respondents)","unsubmitted form, no publish action taken",E-9.4,FALSE,2026-09-14,e18c0e4,Unsubmitted publication form; no publish action taken. Secondary appendix support: E-9.7.
faculty/faculty__cilo-evaluation-publish__form__mobile.png,faculty,demo-faculty@cloie.test,390x844,/faculty/cilo-evaluations/new?templateId=10bb1830-7edd-49f3-bd9a-356599f55e68,"Same publication form, responsive layout","unsubmitted form, no publish action taken",E-9.6,FALSE,2026-09-14,e18c0e4,Unsubmitted publication form; no publish action taken.
faculty/faculty__cilos-new__form__desktop.png,faculty,demo-faculty@cloie.test,1440x900,/faculty/cilos/new,"Create-CILO form (Course picker, CILO description, Add / Save CILOs)","empty form, nothing typed",E-9.4,FALSE,2026-09-14,e18c0e4,Empty create-CILO form; nothing typed. Secondary appendix support: E-9.7.
faculty/faculty__cilos-new__form__mobile.png,faculty,demo-faculty@cloie.test,390x844,/faculty/cilos/new,"Same create-CILO form, responsive layout","empty form, nothing typed",E-9.6,FALSE,2026-09-14,e18c0e4,Empty create-CILO form; nothing typed.
faculty/faculty__cilos__default__desktop.png,faculty,demo-faculty@cloie.test,1440x900,/faculty/cilos,Manage CILOs: owned courses for the current period with View CILOs / Map CILOs / Prepare questions,default,E-9.4,FALSE,2026-09-14,e18c0e4,
faculty/faculty__cilos__default__mobile.png,faculty,demo-faculty@cloie.test,390x844,/faculty/cilos,"Same CILO course list, responsive layout",default,E-9.6,FALSE,2026-09-14,e18c0e4,
faculty/faculty__course-roster-detail__add-student-open__desktop.png,faculty,demo-faculty@cloie.test,1440x900,/course-rosters/1bd6fa2b-dc2c-4908-9848-5100af2c6dc8,"""Manage roster"" wizard, step 1 of 3, ""Import from CSV"" tab (upload + Prepare preview)","dialog open, no file chosen, nothing written",E-9.7,FALSE,2026-09-14,e18c0e4,"Manage-roster wizard step 1 of 3 (Import from CSV); no file chosen, nothing written."
faculty/faculty__course-roster-detail__add-student-open__mobile.png,faculty,demo-faculty@cloie.test,390x844,/course-rosters/1bd6fa2b-dc2c-4908-9848-5100af2c6dc8,Same manage-roster wizard as a mobile bottom sheet,"sheet open, no file chosen, nothing written",E-9.7,FALSE,2026-09-14,e18c0e4,"Manage-roster wizard presented as a mobile bottom sheet; no file chosen, nothing written."
faculty/faculty__course-roster-detail__default__desktop.png,faculty,demo-faculty@cloie.test,1440x900,/course-rosters/1bd6fa2b-dc2c-4908-9848-5100af2c6dc8,"Course roster detail — ITRES1 · Capstone Project 1 (readiness summary, member table, Manage roster entry)","default (7 on roster, 7 eligible, 0 needing attention)",E-9.4,FALSE,2026-09-14,e18c0e4,
faculty/faculty__course-roster-detail__default__mobile.png,faculty,demo-faculty@cloie.test,390x844,/course-rosters/1bd6fa2b-dc2c-4908-9848-5100af2c6dc8,"Same roster detail, responsive layout",default,E-9.6,FALSE,2026-09-14,e18c0e4,
faculty/faculty__course-rosters__default__desktop.png,faculty,demo-faculty@cloie.test,1440x900,/faculty/course-rosters,My Course Rosters: owned active assignments with active-roster and evaluation-eligible counts,default (list view),E-9.4,FALSE,2026-09-14,e18c0e4,Owned active assignments with active-roster and evaluation-eligible counts.
faculty/faculty__course-rosters__default__mobile.png,faculty,demo-faculty@cloie.test,390x844,/faculty/course-rosters,"Same roster list, responsive layout",default (list view),E-9.6,FALSE,2026-09-14,e18c0e4,
faculty/faculty__dashboard__default__desktop.png,faculty,demo-faculty@cloie.test,1440x900,/faculty/dashboard,"Faculty dashboard: current evaluation work, response progress, quick actions, response evidence",default,E-9.2,FALSE,2026-09-14,e18c0e4,Secondary appendix support: E-9.4.
faculty/faculty__dashboard__default__mobile.png,faculty,demo-faculty@cloie.test,390x844,/faculty/dashboard,"Faculty dashboard, responsive layout",default,E-9.6,FALSE,2026-09-14,e18c0e4,
faculty/faculty__evaluation-summary__published__desktop.png,faculty,demo-faculty@cloie.test,1440x900,/faculty/tools/published/6b875783-578f-490f-b71b-c8043f3a6687,"Published evaluation summary: course/schedule/target cards, response progress, named respondent status (explicitly ""Answer bodies are not displayed or linked here"")",default (read-only),E-9.4,FALSE,2026-09-14,e18c0e4,Read-only summary; respondent status only - answer bodies are explicitly not displayed.
faculty/faculty__evaluation-summary__published__mobile.png,faculty,demo-faculty@cloie.test,390x844,/faculty/tools/published/6b875783-578f-490f-b71b-c8043f3a6687,"Same evaluation summary, responsive layout",default (read-only),E-9.6,FALSE,2026-09-14,e18c0e4,Read-only summary; respondent status only - answer bodies are explicitly not displayed.
faculty/faculty__instrument-builder__edit__desktop.png,faculty,demo-faculty@cloie.test,1440x900,/faculty/tools/10bb1830-7edd-49f3-bd9a-356599f55e68/edit,Instrument builder editing a faculty template bound to ITRES1 (three CILO-bound Likert questions),"default, ""No pending changes""",E-9.4,FALSE,2026-09-14,e18c0e4,Existing faculty template bound to ITRES1; no pending changes.
faculty/faculty__instrument-builder__edit__mobile.png,faculty,demo-faculty@cloie.test,390x844,/faculty/tools/10bb1830-7edd-49f3-bd9a-356599f55e68/edit,"Same instrument builder, responsive layout","default, no pending changes",E-9.6,FALSE,2026-09-14,e18c0e4,Existing faculty template; no pending changes.
faculty/faculty__navigation__drawer-open__mobile.png,faculty,demo-faculty@cloie.test,390x844,/faculty/dashboard,"Role navigation drawer (Dashboard, My Course Rosters, Manage CILOs, Tools, Analytics, Profile)",drawer open,E-9.6,FALSE,2026-09-14,e18c0e4,
faculty/faculty__profile__default__desktop.png,faculty,demo-faculty@cloie.test,1440x900,/faculty/profile,Faculty profile with program affiliation (BSIT),default,E-9.2,FALSE,2026-09-14,e18c0e4,
faculty/faculty__profile__default__mobile.png,faculty,demo-faculty@cloie.test,390x844,/faculty/profile,"Same profile/affiliation cards, responsive layout",default,E-9.2,FALSE,2026-09-14,e18c0e4,Secondary appendix support: E-9.6.
faculty/faculty__tools-new-blank__builder__desktop.png,faculty,demo-faculty@cloie.test,1440x900,/faculty/tools/new/blank,"Instrument builder — blank draft (name, description, Course-bound type, sections/questions)","empty draft, unsaved (no record created)",E-9.4,FALSE,2026-09-14,e18c0e4,"Empty draft, unsaved (no record created)."
faculty/faculty__tools-new-from-template__builder__desktop.png,faculty,demo-faculty@cloie.test,1440x900,/faculty/tools/new/from/81bf2fc6-6e8a-4d71-aeb6-201d671ed482,Instrument builder pre-filled from a shared template (copy is created only on first save),"pre-save draft, unsaved",E-9.4,FALSE,2026-09-14,e18c0e4,Pre-save draft copied from a shared template; the copy is created only on first save.
faculty/faculty__tools-new__selection__desktop.png,faculty,demo-faculty@cloie.test,1440x900,/faculty/tools/new,"New-template chooser: Blank template plus shared-template cards (""Use this template"")",default,E-9.4,FALSE,2026-09-14,e18c0e4,
faculty/faculty__tools-new__selection__mobile.png,faculty,demo-faculty@cloie.test,390x844,/faculty/tools/new,"Same chooser, responsive layout",default,E-9.6,FALSE,2026-09-14,e18c0e4,
faculty/faculty__tools__published-tab__desktop.png,faculty,demo-faculty@cloie.test,1440x900,/faculty/tools?tab=published,Published evaluations collection with per-row View Details,default,E-9.4,FALSE,2026-09-14,e18c0e4,
faculty/faculty__tools__published-tab__mobile.png,faculty,demo-faculty@cloie.test,390x844,/faculty/tools?tab=published,"Same published collection, responsive layout",default,E-9.6,FALSE,2026-09-14,e18c0e4,
faculty/faculty__tools__templates__desktop.png,faculty,demo-faculty@cloie.test,1440x900,/faculty/tools,"Evaluation Tools → Templates tab (My Templates with Edit/Duplicate/Publish, Available Templates)",default,E-9.4,FALSE,2026-09-14,e18c0e4,
faculty/faculty__tools__templates__mobile.png,faculty,demo-faculty@cloie.test,390x844,/faculty/tools,"Same tools list, responsive layout",default,E-9.6,FALSE,2026-09-14,e18c0e4,
gen-ed-coordinator/gen-ed-coordinator__analytics__default__desktop.png,gen-ed-coordinator,demo-gened@cloie.test,1440x900,/gen-ed-coordinator/analytics,"Cross-program General Education evidence: KPI band, mean rating by course, trends, qualitative feedback","default, all periods",E-9.3,FALSE,2026-09-14,e18c0e4,
gen-ed-coordinator/gen-ed-coordinator__analytics__default__mobile.png,gen-ed-coordinator,demo-gened@cloie.test,390x844,/gen-ed-coordinator/analytics,"Same analytics workspace, responsive KPI band above the fold","default, all periods",E-9.6,FALSE,2026-09-14,e18c0e4,
gen-ed-coordinator/gen-ed-coordinator__course-assignments__assign-faculty-dialog-open__desktop.png,gen-ed-coordinator,demo-gened@cloie.test,1440x900,/gen-ed-coordinator/course-assignments,"""Assign Faculty to Course"" wizard, step 2 of 5 (Course), Course scope fixed to General Education","dialog open at step 2, nothing entered",E-9.7,FALSE,2026-09-14,e18c0e4,Assign-faculty wizard step 2 of 5 (Course) with scope fixed to General Education; nothing entered.
gen-ed-coordinator/gen-ed-coordinator__course-assignments__default__desktop.png,gen-ed-coordinator,demo-gened@cloie.test,1440x900,/gen-ed-coordinator/course-assignments,"General Education assignment management list (18 assignments, SCOPE = GE, filters, bulk selection)",default,E-9.3,FALSE,2026-09-14,e18c0e4,
gen-ed-coordinator/gen-ed-coordinator__course-assignments__default__mobile.png,gen-ed-coordinator,demo-gened@cloie.test,390x844,/gen-ed-coordinator/course-assignments,"Same assignment list, responsive card layout",default,E-9.6,FALSE,2026-09-14,e18c0e4,
gen-ed-coordinator/gen-ed-coordinator__courses__create-dialog-open__desktop.png,gen-ed-coordinator,demo-gened@cloie.test,1440x900,/gen-ed-coordinator/courses,"""Add General Education Course"" dialog (Course Code, Course Title, default year level/semester/term)","dialog open, nothing entered/submitted",E-9.7,FALSE,2026-09-14,e18c0e4,Create dialog open; nothing entered or submitted.
gen-ed-coordinator/gen-ed-coordinator__courses__create-dialog-open__mobile.png,gen-ed-coordinator,demo-gened@cloie.test,390x844,/gen-ed-coordinator/courses,Same create dialog on mobile,"dialog open, nothing entered/submitted",E-9.7,FALSE,2026-09-14,e18c0e4,Create dialog open on mobile; nothing entered or submitted.
gen-ed-coordinator/gen-ed-coordinator__courses__default__desktop.png,gen-ed-coordinator,demo-gened@cloie.test,1440x900,/gen-ed-coordinator/courses,"College-wide General Education course catalog list (filters, per-row Edit/Archive)",default,E-9.3,FALSE,2026-09-14,e18c0e4,
gen-ed-coordinator/gen-ed-coordinator__courses__default__mobile.png,gen-ed-coordinator,demo-gened@cloie.test,390x844,/gen-ed-coordinator/courses,"Same catalog list, responsive layout",default,E-9.6,FALSE,2026-09-14,e18c0e4,
gen-ed-coordinator/gen-ed-coordinator__courses__edit-dialog-open__desktop.png,gen-ed-coordinator,demo-gened@cloie.test,1440x900,/gen-ed-coordinator/courses,"""Edit GESTECH"" correction dialog pre-filled from the catalog","dialog open, unchanged",E-9.7,FALSE,2026-09-14,e18c0e4,Edit dialog pre-filled from the catalog; unchanged.
gen-ed-coordinator/gen-ed-coordinator__dashboard__default__desktop.png,gen-ed-coordinator,demo-gened@cloie.test,1440x900,/gen-ed-coordinator/dashboard,"Coordinator dashboard: coverage KPIs, needs-attention list, evidence pulse, quick actions",default,E-9.2,FALSE,2026-09-14,e18c0e4,Secondary appendix support: E-9.3.
gen-ed-coordinator/gen-ed-coordinator__dashboard__default__mobile.png,gen-ed-coordinator,demo-gened@cloie.test,390x844,/gen-ed-coordinator/dashboard,"Coordinator dashboard, responsive layout",default,E-9.6,FALSE,2026-09-14,e18c0e4,
gen-ed-coordinator/gen-ed-coordinator__navigation__drawer-open__mobile.png,gen-ed-coordinator,demo-gened@cloie.test,390x844,/gen-ed-coordinator/dashboard,"Role navigation drawer (Dashboard, Outcomes, Courses, Course Assignments, Analytics, Profile)",drawer open,E-9.6,FALSE,2026-09-14,e18c0e4,
gen-ed-coordinator/gen-ed-coordinator__outcomes-mapping__default__desktop.png,gen-ed-coordinator,demo-gened@cloie.test,1440x900,/gen-ed-coordinator/outcomes/mapping,"College-wide CILO-to-ILO mapping review (read-only; per-course cards, Aligned / Needs-mapping badges)",default,E-9.3,FALSE,2026-09-14,e18c0e4,College-wide CILO-to-ILO mapping review; includes non-seeded dev-DB ILO columns.
gen-ed-coordinator/gen-ed-coordinator__outcomes-mapping__default__mobile.png,gen-ed-coordinator,demo-gened@cloie.test,390x844,/gen-ed-coordinator/outcomes/mapping,"Same mapping review, responsive layout",default,E-9.6,FALSE,2026-09-14,e18c0e4,College-wide CILO-to-ILO mapping review; includes non-seeded dev-DB ILO columns.
gen-ed-coordinator/gen-ed-coordinator__outcomes__create-dialog-open__desktop.png,gen-ed-coordinator,demo-gened@cloie.test,1440x900,/gen-ed-coordinator/outcomes,"""Add Institutional Learning Outcome"" dialog (ILO Code, Description)","dialog open, nothing entered",E-9.7,FALSE,2026-09-14,e18c0e4,Create dialog open; nothing entered.
gen-ed-coordinator/gen-ed-coordinator__outcomes__create-dialog-open__mobile.png,gen-ed-coordinator,demo-gened@cloie.test,390x844,/gen-ed-coordinator/outcomes,Same create dialog on mobile,"dialog open, nothing entered",E-9.7,FALSE,2026-09-14,e18c0e4,Create dialog open on mobile; nothing entered.
gen-ed-coordinator/gen-ed-coordinator__outcomes__default__desktop.png,gen-ed-coordinator,demo-gened@cloie.test,1440x900,/gen-ed-coordinator/outcomes,Institutional Learning Outcome catalog with reorder handles and per-ILO Edit/Archive,default,E-9.3,FALSE,2026-09-14,e18c0e4,"ILO catalog includes ILO-JRXR and ILO-39F5 left in the dev database by the e2e gen-ed coordinator journey (non-seeded, pre-existing)."
gen-ed-coordinator/gen-ed-coordinator__outcomes__default__mobile.png,gen-ed-coordinator,demo-gened@cloie.test,390x844,/gen-ed-coordinator/outcomes,"Same ILO catalog, responsive layout",default,E-9.6,FALSE,2026-09-14,e18c0e4,"ILO catalog includes ILO-JRXR and ILO-39F5 left in the dev database by the e2e gen-ed coordinator journey (non-seeded, pre-existing)."
gen-ed-coordinator/gen-ed-coordinator__outcomes__edit-dialog-open__desktop.png,gen-ed-coordinator,demo-gened@cloie.test,1440x900,/gen-ed-coordinator/outcomes,"""Edit ILO1"" correction dialog pre-filled from the catalog","dialog open, unchanged",E-9.7,FALSE,2026-09-14,e18c0e4,Edit dialog pre-filled from the catalog; unchanged.
gen-ed-coordinator/gen-ed-coordinator__profile__default__desktop.png,gen-ed-coordinator,demo-gened@cloie.test,1440x900,/gen-ed-coordinator/profile,"Coordinator profile and college-wide scope (""College-Wide"", no portfolio assignment)",default,E-9.2,FALSE,2026-09-14,e18c0e4,College-Wide scope with no portfolio assignment.
gen-ed-coordinator/gen-ed-coordinator__profile__default__mobile.png,gen-ed-coordinator,demo-gened@cloie.test,390x844,/gen-ed-coordinator/profile,"Same profile/scope card, responsive layout",default,E-9.2,FALSE,2026-09-14,e18c0e4,College-Wide scope with no portfolio assignment. Secondary appendix support: E-9.6.
industry-partner/industry-partner__dashboard__verification-pending__desktop.png,industry-partner,demo-industry@cloie.test,1440x900,/industry-partner/dashboard,Industry partner portal entry,Verification pending notice with evaluation summary,E-9.2,FALSE,2026-09-14,e18c0e4,Verification-pending notice with the evaluation summary.
industry-partner/industry-partner__dashboard__verification-pending__mobile.png,industry-partner,demo-industry@cloie.test,390x844,/industry-partner/dashboard,Industry partner portal entry on mobile,Verification pending notice and bottom navigation,E-9.6,FALSE,2026-09-14,e18c0e4,
industry-partner/industry-partner__evaluations__pending-empty__desktop.png,industry-partner,demo-industry@cloie.test,1440x900,/industry-partner/evaluations,Select an industry partner evaluation,Pending tab empty state: no pending evaluations for this account,E-9.7,FALSE,2026-09-14,e18c0e4,Empty state: no pending evaluations for this account.
industry-partner/industry-partner__evaluations__pending-empty__mobile.png,industry-partner,demo-industry@cloie.test,390x844,/industry-partner/evaluations,Select an industry partner evaluation on mobile,Pending tab empty state: no pending evaluations for this account — Secondary E-9.6.,E-9.7,FALSE,2026-09-14,e18c0e4,Empty state on mobile: no pending evaluations for this account.
industry-partner/industry-partner__evaluations__submitted-confirmation__desktop.png,industry-partner,demo-industry@cloie.test,1440x900,/industry-partner/evaluations/cccccccc-cccc-4ccc-8ccc-cccccccccccc/submitted,Review a submitted industry partner evaluation,Frozen competence ratings with timestamp — Numeric competence ratings only in frame.,E-9.5,FALSE,2026-09-14,e18c0e4,Frozen competence ratings with timestamp; numeric ratings only in frame. UUID abbreviated in the slice ledger; resolved from the seed id constants and verified against the running app.
industry-partner/industry-partner__evaluations__submitted-confirmation__mobile.png,industry-partner,demo-industry@cloie.test,390x844,/industry-partner/evaluations/cccccccc-cccc-4ccc-8ccc-cccccccccccc/submitted,Review a submitted evaluation on mobile,Frozen competence ratings with timestamp — Numeric competence ratings only in frame.,E-9.6,FALSE,2026-09-14,e18c0e4,Frozen competence ratings with timestamp; numeric ratings only in frame. UUID abbreviated in the slice ledger; resolved from the seed id constants and verified against the running app.
industry-partner/industry-partner__evaluations__submitted-list__desktop.png,industry-partner,demo-industry@cloie.test,1440x900,/industry-partner/evaluations,Select an industry partner evaluation,Submitted tab listing four submitted program-wide deployments,E-9.5,FALSE,2026-09-14,e18c0e4,Submitted tab listing four submitted program-wide deployments.
industry-partner/industry-partner__evaluations__submitted-list__mobile.png,industry-partner,demo-industry@cloie.test,390x844,/industry-partner/evaluations,Select an industry partner evaluation on mobile,Submitted tab listing four submitted program-wide deployments,E-9.6,FALSE,2026-09-14,e18c0e4,Submitted tab listing four submitted program-wide deployments.
industry-partner/industry-partner__evaluations__submitted-qualitative-section__desktop.png,industry-partner,demo-industry@cloie.test,1440x900,/industry-partner/evaluations/cccccccc-cccc-4ccc-8ccc-cccccccccccc/submitted,Review a submitted industry partner evaluation,Qualitative and recommendation prompts with redacted confidential answers — Qualitative and recommendation answers redacted with opaque mask blocks.,E-9.5,FALSE,2026-09-14,e18c0e4,Qualitative and recommendation prompts with the confidential answers masked by opaque blocks. UUID abbreviated in the slice ledger; resolved from the seed id constants and verified against the running app.
industry-partner/industry-partner__history__submitted-list__desktop.png,industry-partner,demo-industry@cloie.test,1440x900,/industry-partner/history,Review submission history,Submitted industry partner evaluations across academic periods,E-9.5,FALSE,2026-09-14,e18c0e4,
industry-partner/industry-partner__history__submitted-list__mobile.png,industry-partner,demo-industry@cloie.test,390x844,/industry-partner/history,Review submission history on mobile,Submitted industry partner evaluations across academic periods,E-9.6,FALSE,2026-09-14,e18c0e4,
industry-partner/industry-partner__profile__verification-status__desktop.png,industry-partner,demo-industry@cloie.test,1440x900,/industry-partner/profile,View profile and verification status,Company affiliation and verification status with privacy notice,E-9.2,FALSE,2026-09-14,e18c0e4,Company affiliation and verification status with privacy notice.
industry-partner/industry-partner__profile__verification-status__mobile.png,industry-partner,demo-industry@cloie.test,390x844,/industry-partner/profile,View profile on mobile,Company affiliation and verification status,E-9.6,FALSE,2026-09-14,e18c0e4,
program-head/program-head__analytics__outcomes-view__desktop.png,program-head,demo-ph@cloie.test,1440x900,/program-head/programs/3e2f8f2d-cef5-40e8-932a-b06939a0f7de/analytics,Program analytics,"outcomes tab, all periods",E-9.5,FALSE,2026-09-14,e18c0e4,Route id resolved at capture time from the running app (seeded UUID).
program-head/program-head__analytics__outcomes-view__mobile.png,program-head,demo-ph@cloie.test,390x844,/program-head/programs/3e2f8f2d-cef5-40e8-932a-b06939a0f7de/analytics,Program analytics,"outcomes tab, all periods",E-9.6,FALSE,2026-09-14,e18c0e4,Wide tab strip scrolls inside its own container (intended responsive pattern: scrollWidth 488 vs clientWidth 358); page-level overflow measured at 0 px. Route id resolved at capture time from the running app (seeded UUID).
program-head/program-head__course-assignments__active-period__desktop.png,program-head,demo-ph@cloie.test,1440x900,/program-head/programs/3e2f8f2d-cef5-40e8-932a-b06939a0f7de/course-assignments?termInstanceId=7a0211d0-5fa8-46e0-abff-9aed2f7d78a9,Course assignments (program-scoped),active period filter,E-9.3,FALSE,2026-09-14,e18c0e4,Route id resolved at capture time from the running app (seeded UUID).
program-head/program-head__course-roster__active-assignment__desktop.png,program-head,demo-ph@cloie.test,1440x900,/program-head/programs/3e2f8f2d-cef5-40e8-932a-b06939a0f7de/course-rosters/c5c3acc7-5901-4a2b-b5bc-6e6a730fe770,Course roster detail,active assignment roster,E-9.3,FALSE,2026-09-14,e18c0e4,Route id resolved at capture time from the running app (seeded UUID).
program-head/program-head__course-roster__active-assignment__mobile.png,program-head,demo-ph@cloie.test,390x844,/program-head/programs/3e2f8f2d-cef5-40e8-932a-b06939a0f7de/course-rosters/c5c3acc7-5901-4a2b-b5bc-6e6a730fe770,Course roster detail,active assignment roster,E-9.6,FALSE,2026-09-14,e18c0e4,Route id resolved at capture time from the running app (seeded UUID).
program-head/program-head__courses__default__desktop.png,program-head,demo-ph@cloie.test,1440x900,/program-head/programs/3e2f8f2d-cef5-40e8-932a-b06939a0f7de/courses,Program course catalog,default list,E-9.3,FALSE,2026-09-14,e18c0e4,Route id resolved at capture time from the running app (seeded UUID).
program-head/program-head__courses__default__mobile.png,program-head,demo-ph@cloie.test,390x844,/program-head/programs/3e2f8f2d-cef5-40e8-932a-b06939a0f7de/courses,Program course catalog,default list,E-9.6,FALSE,2026-09-14,e18c0e4,Route id resolved at capture time from the running app (seeded UUID).
program-head/program-head__dashboard__default__desktop.png,program-head,demo-ph@cloie.test,1440x900,/program-head/programs/3e2f8f2d-cef5-40e8-932a-b06939a0f7de/dashboard,Program Head dashboard,default (active period),E-9.3,TRUE,2026-09-14,e18c0e4,Representative admin desktop dashboard: program-scoped KPIs for the active period; Chapter 4 pair member 1. Route id resolved at capture time from the running app (seeded UUID).
program-head/program-head__dashboard__default__mobile.png,program-head,demo-ph@cloie.test,390x844,/program-head/programs/3e2f8f2d-cef5-40e8-932a-b06939a0f7de/dashboard,Program Head dashboard,default (active period),E-9.6,FALSE,2026-09-14,e18c0e4,Route id resolved at capture time from the running app (seeded UUID).
program-head/program-head__instrument-builder__blank-draft__desktop.png,program-head,demo-ph@cloie.test,1440x900,/program-head/programs/3e2f8f2d-cef5-40e8-932a-b06939a0f7de/tools/new/blank,Instrument builder,blank draft (nothing saved),E-9.3,FALSE,2026-09-14,e18c0e4,Blank draft; nothing saved. Route id resolved at capture time from the running app (seeded UUID).
program-head/program-head__instrument-builder__existing-template__desktop.png,program-head,demo-ph@cloie.test,1440x900,/program-head/programs/3e2f8f2d-cef5-40e8-932a-b06939a0f7de/tools/ee67ce00-8fcc-4963-8f5b-ebc2a9d4695e/edit,Instrument builder,existing program template open for editing,E-9.3,FALSE,2026-09-14,e18c0e4,Existing program template open for editing; nothing saved. Route id resolved at capture time from the running app (seeded UUID).
program-head/program-head__navigation__drawer-open__mobile.png,program-head,demo-ph@cloie.test,390x844,/program-head/programs/3e2f8f2d-cef5-40e8-932a-b06939a0f7de/dashboard,Primary navigation,mobile navigation drawer open,E-9.6,FALSE,2026-09-14,e18c0e4,Route id resolved at capture time from the running app (seeded UUID).
program-head/program-head__outcome-mapping__cico-review__desktop.png,program-head,demo-ph@cloie.test,1440x900,/program-head/programs/3e2f8f2d-cef5-40e8-932a-b06939a0f7de/outcomes/mapping,CILO mapping review,default read-only review,E-9.4,FALSE,2026-09-14,e18c0e4,Route id resolved at capture time from the running app (seeded UUID).
program-head/program-head__outcomes__create-dialog__desktop.png,program-head,demo-ph@cloie.test,1440x900,/program-head/programs/3e2f8f2d-cef5-40e8-932a-b06939a0f7de/outcomes,Program Learning Outcome authoring,create dialog open (not saved),E-9.7,FALSE,2026-09-14,e18c0e4,Create dialog open; not saved. Route id resolved at capture time from the running app (seeded UUID).
program-head/program-head__outcomes__create-drawer__mobile.png,program-head,demo-ph@cloie.test,390x844,/program-head/programs/3e2f8f2d-cef5-40e8-932a-b06939a0f7de/outcomes,Program Learning Outcome authoring,create drawer open (not saved),E-9.6,FALSE,2026-09-14,e18c0e4,Create drawer open on mobile; not saved. Route id resolved at capture time from the running app (seeded UUID).
program-head/program-head__outcomes__edit-dialog__desktop.png,program-head,demo-ph@cloie.test,1440x900,/program-head/programs/3e2f8f2d-cef5-40e8-932a-b06939a0f7de/outcomes,Program Learning Outcome authoring,edit dialog open (not saved),E-9.7,FALSE,2026-09-14,e18c0e4,Edit dialog open with existing values; not saved. Route id resolved at capture time from the running app (seeded UUID).
program-head/program-head__outcomes__import-dialog__desktop.png,program-head,demo-ph@cloie.test,1440x900,/program-head/programs/3e2f8f2d-cef5-40e8-932a-b06939a0f7de/outcomes,Program Learning Outcome CSV import,"import dialog open, no file selected (not imported)",E-9.7,FALSE,2026-09-14,e18c0e4,Import dialog open with no file selected; nothing imported. Route id resolved at capture time from the running app (seeded UUID).
program-head/program-head__outcomes__plo-list__desktop.png,program-head,demo-ph@cloie.test,1440x900,/program-head/programs/3e2f8f2d-cef5-40e8-932a-b06939a0f7de/outcomes,Program Learning Outcome catalog,default list,E-9.3,FALSE,2026-09-14,e18c0e4,Route id resolved at capture time from the running app (seeded UUID).
program-head/program-head__outcomes__plo-list__mobile.png,program-head,demo-ph@cloie.test,390x844,/program-head/programs/3e2f8f2d-cef5-40e8-932a-b06939a0f7de/outcomes,Program Learning Outcome catalog,default list,E-9.6,FALSE,2026-09-14,e18c0e4,Route id resolved at capture time from the running app (seeded UUID).
program-head/program-head__profile__program-scope__desktop.png,program-head,demo-ph@cloie.test,1440x900,/program-head/profile,Program Head profile and scope,program scope,E-9.2,FALSE,2026-09-14,e18c0e4,
program-head/program-head__profile__program-scope__mobile.png,program-head,demo-ph@cloie.test,390x844,/program-head/profile,Program Head profile and scope,program scope,E-9.6,FALSE,2026-09-14,e18c0e4,
program-head/program-head__program-selection__two-programs__desktop.png,program-head,ph-multi@cloie.test,1440x900,/program-head,Program selection entry,Program Head assigned two programs,E-9.2,FALSE,2026-09-14,e18c0e4,ph-multi@cloie.test holds two Program Head assignments (BEED + BSED); demo-ph holds one and is redirected straight to its program dashboard.
program-head/program-head__program-switcher__menu-open__desktop.png,program-head,ph-multi@cloie.test,1440x900,/program-head/programs/2c5c6ddb-7868-4a64-ac98-56b228dad77c/dashboard,Program switcher,"switcher menu open (BEED active, BSED listed)",E-9.2,FALSE,2026-09-14,e18c0e4,"Switcher menu open (BEED active, BSED listed); the switcher renders only for multi-program Program Heads. Route id resolved at capture time from the running app (seeded UUID)."
program-head/program-head__publication__form-default__desktop.png,program-head,demo-ph@cloie.test,1440x900,/program-head/programs/3e2f8f2d-cef5-40e8-932a-b06939a0f7de/tools/publish?templateId=ee67ce00-8fcc-4963-8f5b-ebc2a9d4695e,Program-wide publication,configure step with PLO coverage warning (not published),E-9.3,FALSE,2026-09-14,e18c0e4,Configure step with PLO coverage warning; not published. Route id resolved at capture time from the running app (seeded UUID).
program-head/program-head__reports__default__desktop.png,program-head,demo-ph@cloie.test,1440x900,/program-head/programs/3e2f8f2d-cef5-40e8-932a-b06939a0f7de/reports,Program reports,default (export stubs shown as designed),E-9.3,FALSE,2026-09-14,e18c0e4,Export buttons are labelled stubs by design ('Prepared for later PDF and spreadsheet export integration'). Route id resolved at capture time from the running app (seeded UUID).
program-head/program-head__responses__course-evaluation-detail__desktop.png,program-head,demo-ph@cloie.test,1440x900,/program-head/programs/3e2f8f2d-cef5-40e8-932a-b06939a0f7de/responses/course/f1111111-1111-4111-8111-111111111111,Evaluation summary + course responses,summary KPIs and submitted respondent list,E-9.5,FALSE,2026-09-14,e18c0e4,Route id resolved at capture time from the running app (seeded UUID).
program-head/program-head__responses__course-evaluation-detail__mobile.png,program-head,demo-ph@cloie.test,390x844,/program-head/programs/3e2f8f2d-cef5-40e8-932a-b06939a0f7de/responses/course/f1111111-1111-4111-8111-111111111111,Evaluation summary + course responses,summary KPIs and submitted respondent list,E-9.6,FALSE,2026-09-14,e18c0e4,Route id resolved at capture time from the running app (seeded UUID).
program-head/program-head__responses__course-evaluations-list__desktop.png,program-head,demo-ph@cloie.test,1440x900,/program-head/programs/3e2f8f2d-cef5-40e8-932a-b06939a0f7de/responses,Response review hub,course evaluations list,E-9.5,FALSE,2026-09-14,e18c0e4,Route id resolved at capture time from the running app (seeded UUID).
program-head/program-head__responses__course-evaluations-list__mobile.png,program-head,demo-ph@cloie.test,390x844,/program-head/programs/3e2f8f2d-cef5-40e8-932a-b06939a0f7de/responses,Response review hub,course evaluations list,E-9.6,FALSE,2026-09-14,e18c0e4,Route id resolved at capture time from the running app (seeded UUID).
program-head/program-head__responses__identified-response-detail__desktop.png,program-head,demo-ph@cloie.test,1440x900,/program-head/programs/3e2f8f2d-cef5-40e8-932a-b06939a0f7de/responses/course/f1111111-1111-4111-8111-111111111111/responses/10d59e06-554b-4646-99b5-44acd2e0c0c7,Identified response review (course-bound),"submitted response detail, quantitative answers + CILO bindings",E-9.5,FALSE,2026-09-14,e18c0e4,Quantitative answers and CILO bindings only; no free-text answer legible. Route id resolved at capture time from the running app (seeded UUID).
program-head/program-head__responses__identified-response-detail__mobile.png,program-head,demo-ph@cloie.test,390x844,/program-head/programs/3e2f8f2d-cef5-40e8-932a-b06939a0f7de/responses/course/f1111111-1111-4111-8111-111111111111/responses/10d59e06-554b-4646-99b5-44acd2e0c0c7,Identified response review (course-bound),submitted response detail,E-9.6,FALSE,2026-09-14,e18c0e4,Quantitative answers and CILO bindings only; no free-text answer legible. Route id resolved at capture time from the running app (seeded UUID).
program-head/program-head__responses__program-wide-detail__desktop.png,program-head,demo-ph@cloie.test,1440x900,/program-head/programs/3e2f8f2d-cef5-40e8-932a-b06939a0f7de/responses/program-wide/5605af0d-0ed6-4bea-8fdb-98be93d044f1?tab=program-wide,Program-wide deployment responses,respondent status list (1 of 1 submitted),E-9.5,FALSE,2026-09-14,e18c0e4,Respondent status list (1 of 1 submitted). Route id resolved at capture time from the running app (seeded UUID).
program-head/program-head__responses__program-wide-response-detail__desktop.png,program-head,demo-ph@cloie.test,1440x900,/program-head/programs/3e2f8f2d-cef5-40e8-932a-b06939a0f7de/responses/program-wide/5605af0d-0ed6-4bea-8fdb-98be93d044f1/responses/266379ff-7eb8-41db-9462-01996b32674a?tab=program-wide,Identified response review (program-wide),"submitted industry-partner response detail, PLO bindings",E-9.5,FALSE,2026-09-14,e18c0e4,Quantitative answers and PLO bindings only; no free-text answer legible. Route id resolved at capture time from the running app (seeded UUID).
program-head/program-head__tools__published-list__desktop.png,program-head,demo-ph@cloie.test,1440x900,/program-head/programs/3e2f8f2d-cef5-40e8-932a-b06939a0f7de/tools?tab=published,Evaluation tools,published deployments tab,E-9.3,FALSE,2026-09-14,e18c0e4,Route id resolved at capture time from the running app (seeded UUID).
program-head/program-head__tools__template-list__desktop.png,program-head,demo-ph@cloie.test,1440x900,/program-head/programs/3e2f8f2d-cef5-40e8-932a-b06939a0f7de/tools,Evaluation tools,templates tab,E-9.3,FALSE,2026-09-14,e18c0e4,Route id resolved at capture time from the running app (seeded UUID).
program-head/program-head__tools__template-list__mobile.png,program-head,demo-ph@cloie.test,390x844,/program-head/programs/3e2f8f2d-cef5-40e8-932a-b06939a0f7de/tools,Evaluation tools,templates tab with Publish action (mobile entry to publication),E-9.6,FALSE,2026-09-14,e18c0e4,Mobile coverage of the publication workflow entry point; the mobile configure step is excluded because datetime-local inputs overflow their grid column at 390 px (see README follow-up note). Route id resolved at capture time from the running app (seeded UUID).
secretary/secretary__add-user__blank-form__desktop.png,secretary,demo-secretary@cloie.test,1440x900,/secretary/users/new,"Add new user — account provisioning form (name, institutional email, role)",Blank default form,E-9.3,FALSE,2026-09-14,e18c0e4,
secretary/secretary__add-user__blank-form__mobile.png,secretary,demo-secretary@cloie.test,390x844,/secretary/users/new,Add new user form,"Blank default form, responsive",E-9.6,FALSE,2026-09-14,e18c0e4,
secretary/secretary__add-user__existing-email-pivot__desktop.png,secretary,demo-secretary@cloie.test,1440x900,/secretary/users/new,Add new user — existing-account handling,"Email of an already-provisioned account entered; form pivots to ""Add role to existing user"" (read-only lookup triggered by blur); nothing submitted",E-9.7,FALSE,2026-09-14,e18c0e4,Email of an already-provisioned account entered; form pivots to 'Add role to existing user' after a read-only lookup; nothing submitted.
secretary/secretary__add-user__role-selected-fields__desktop.png,secretary,demo-secretary@cloie.test,1440x900,/secretary/users/new,Add new user — role-dependent form fields,"Role Faculty selected, required ""Affiliated program"" field revealed; nothing submitted",E-9.3,FALSE,2026-09-14,e18c0e4,
secretary/secretary__course-assignments__workspace__desktop.png,secretary,demo-secretary@cloie.test,1440x900,/secretary/course-assignments,"Course Assignments workspace — academic-period, program, year, section, scope and status filters over the assignment table with roster links","Default (read-only; ""View only"" for the Secretary's post-transfer assignment authority)",E-9.3,FALSE,2026-09-14,e18c0e4,Read-only workspace: the Secretary holds View only authority for assignments after transfer.
secretary/secretary__course-assignments__workspace__mobile.png,secretary,demo-secretary@cloie.test,390x844,/secretary/course-assignments,Course Assignments workspace,Default responsive composition,E-9.6,FALSE,2026-09-14,e18c0e4,
secretary/secretary__course-roster__default__desktop.png,secretary,demo-secretary@cloie.test,1440x900,/course-rosters/17b3d82e-ef69-486a-9632-9f0f74713550,Course roster review (canonical shared roster route opened from Course Assignments),Default; roster read-only,E-9.3,FALSE,2026-09-14,e18c0e4,"Canonical shared roster route /course-rosters/[assignmentId], opened from Course Assignments."
secretary/secretary__courses__add-course-dialog-open__desktop.png,secretary,demo-secretary@cloie.test,1440x900,/secretary/courses → Add Course,"Course master-data creation dialog (code, title, scope, program, major, defaults)","Dialog open, blank; not saved",E-9.3,FALSE,2026-09-14,e18c0e4,
secretary/secretary__courses__catalog__desktop.png,secretary,demo-secretary@cloie.test,1440x900,/secretary/courses,"Course catalog workspace — search, scope/program/year/semester/term filters, row actions",Default,E-9.3,FALSE,2026-09-14,e18c0e4,
secretary/secretary__courses__edit-course-dialog-open__desktop.png,secretary,demo-secretary@cloie.test,1440x900,/secretary/courses → row Actions → Edit,Course master-data edit dialog (ACCTG200 – Advanced Accounting),Dialog open with existing values; not saved,E-9.3,FALSE,2026-09-14,e18c0e4,
secretary/secretary__dashboard__default__desktop.png,secretary,demo-secretary@cloie.test,1440x900,/secretary/dashboard,"Secretary Dashboard — active academic period, needs-attention counters, quick actions","Default, active period 2026-2027 — 2nd Semester — 2nd Term",E-9.3,FALSE,2026-09-14,e18c0e4,Active period 2026-2027 - 2nd Semester - 2nd Term.
secretary/secretary__dashboard__default__mobile.png,secretary,demo-secretary@cloie.test,390x844,/secretary/dashboard,Secretary Dashboard,Default responsive composition (no overflow),E-9.6,FALSE,2026-09-14,e18c0e4,
secretary/secretary__instrument-builder__edit__desktop.png,secretary,demo-secretary@cloie.test,1440x900,/secretary/instruments/d69c589c-4b8b-4dcb-b630-eea6babe1dc9/edit,Instrument builder — edit an existing institutional baseline instrument,Builder loaded with the existing template structure; nothing saved,E-9.3,FALSE,2026-09-14,e18c0e4,Existing template loaded; nothing saved.
secretary/secretary__instrument-builder__new__desktop.png,secretary,demo-secretary@cloie.test,1440x900,/secretary/instruments/new,Instrument builder — new institutional baseline instrument,Blank builder; nothing saved,E-9.3,FALSE,2026-09-14,e18c0e4,Blank builder; nothing saved.
secretary/secretary__instruments__library__desktop.png,secretary,demo-secretary@cloie.test,1440x900,/secretary/instruments,"Evaluation Tools library — institutional baseline templates, card/list view toggle, per-template actions",Default (card view),E-9.3,FALSE,2026-09-14,e18c0e4,
secretary/secretary__programs__default__desktop.png,secretary,demo-secretary@cloie.test,1440x900,/secretary/programs,"Academic Programs register (BEED, BSBA, BSED, BSHM, BSIT, BSSW) with status filter and per-program actions",Default,E-9.3,FALSE,2026-09-14,e18c0e4,
secretary/secretary__rollover__confirmation__desktop.png,secretary,demo-secretary@cloie.test,1440x900,/secretary/school-years/e1111111-1111-4111-8111-111111111111/rollover,"Term rollover — confirmation step (source term 2026-2027 — 2nd Semester — 2nd Term → target term Summer, cohort promotion rules, Preview Rollover)","Confirmation open, not run",E-9.7,FALSE,2026-09-14,e18c0e4,Confirmation step open; Run Rollover deliberately not pressed.
secretary/secretary__rollover__confirmation__mobile.png,secretary,demo-secretary@cloie.test,390x844,/secretary/school-years/e1111111-1111-4111-8111-111111111111/rollover,Term rollover — confirmation step,"Confirmation open, not run, responsive",E-9.6,FALSE,2026-09-14,e18c0e4,Confirmation step open; Run Rollover deliberately not pressed.
secretary/secretary__rollover__preview__desktop.png,secretary,demo-secretary@cloie.test,1440x900,/secretary/school-years/e1111111-1111-4111-8111-111111111111/rollover → Preview Rollover,"Term rollover — read-only impact preview (students to process, enrollments to create, already-enrolled skips, exceptions)","Preview loaded (students to process 16, enrollments to create 0, already-enrolled skips; no exceptions table in this run); Run Rollover deliberately not pressed — the preview service is read-only, so no enrollment row was written",E-9.7,FALSE,2026-09-14,e18c0e4,"Read-only impact preview service (counts and skip table); Run Rollover deliberately not pressed, so no enrollment row was written."
secretary/secretary__school-year-detail__structure__desktop.png,secretary,demo-secretary@cloie.test,1440x900,/secretary/school-years/e1111111-1111-4111-8111-111111111111,"Academic-period (school year 2026-2027) structure detail — semesters, terms, per-term actions",Default; no lifecycle action invoked,E-9.3,FALSE,2026-09-14,e18c0e4,
secretary/secretary__school-years__default__desktop.png,secretary,demo-secretary@cloie.test,1440x900,/secretary/school-years,"School Years — active/archived calendar lifecycle (school year → semester → term, Active badges, term actions)",Default (active tab),E-9.3,FALSE,2026-09-14,e18c0e4,
secretary/secretary__school-years__default__mobile.png,secretary,demo-secretary@cloie.test,390x844,/secretary/school-years,School Years lifecycle,Default responsive composition,E-9.6,FALSE,2026-09-14,e18c0e4,
secretary/secretary__users__actions-menu-open__desktop.png,secretary,demo-secretary@cloie.test,1440x900,/secretary/users?q=demo-,Row-level account actions affordance,Actions menu open (View details / Edit user / Deactivate); no action invoked,E-9.7,FALSE,2026-09-14,e18c0e4,"Actions menu opened on the seeded Demo Program Head row (demo-ph@cloie.test) with the list filtered to the seeded demo accounts (search ""demo-""); no action invoked. Rendered text contains only seeded @cloie.test addresses (earlier non-seeded-address deviation resolved - see README section 8.4)."
secretary/secretary__users__edit-user-dialog-open__desktop.png,secretary,demo-secretary@cloie.test,1440x900,/secretary/users?q=demo-,"Role-and-profile management dialog for a Program Head account (locked account/role, managed-program assignments)",Dialog open with existing values; not saved,E-9.3,FALSE,2026-09-14,e18c0e4,"Dialog opened for the seeded Program Head account demo-ph@cloie.test with the list filtered to the seeded demo accounts (search ""demo-""); existing values shown, not saved. Only seeded @cloie.test addresses appear (earlier non-seeded-address deviation resolved - see README section 8.4)."
secretary/secretary__users__filter-drawer-open__mobile.png,secretary,demo-secretary@cloie.test,390x844,/secretary/users,"User Management — mobile filter drawer (Program, term placement, verification, Show results / Reset filters)","Filter drawer open, no filter applied",E-9.6,FALSE,2026-09-14,e18c0e4,
secretary/secretary__users__list-default__desktop.png,secretary,demo-secretary@cloie.test,1440x900,/secretary/users?q=demo-,User Management — accounts list with inline role / program / term-placement / verification filters and sortable columns,"Filtered to the seeded demo accounts (search ""demo-""), ascending by name",E-9.3,FALSE,2026-09-14,e18c0e4,"List filtered to the seeded demo accounts (search ""demo-"") so no non-seeded dev-database address appears; ascending by name. Only seeded @cloie.test addresses appear (earlier non-seeded-address deviation resolved - see README section 8.4)."
secretary/secretary__users__list-default__mobile.png,secretary,demo-secretary@cloie.test,390x844,/secretary/users,User Management list,Default responsive composition,E-9.6,FALSE,2026-09-14,e18c0e4,
shared/shared__account-menu__open__desktop.png,shared,demo-secretary@cloie.test,1440x900,/secretary/dashboard,Account / profile menu in the top bar,"Menu open (account name, email, Log out item); nothing activated",E-9.8,FALSE,2026-09-14,e18c0e4,"Account menu open (name, email, Log out); nothing activated."
shared/shared__appearance__dark-selected__desktop.png,shared,demo-secretary@cloie.test,1440x900,/secretary/dashboard,Appearance selector — Dark chosen,Dark appearance applied (html.dark); preference stored per browser only,E-9.8,FALSE,2026-09-14,e18c0e4,Only frame in the set captured in dark appearance (html.dark); preference stored per browser.
shared/shared__appearance__light-restored__desktop.png,shared,demo-secretary@cloie.test,1440x900,/secretary/dashboard,Appearance selector — Light chosen,Light appearance restored (html has no dark class),E-9.8,FALSE,2026-09-14,e18c0e4,Light appearance restored (no dark class); generation-set default appearance.
shared/shared__appearance__selector-open__desktop.png,shared,demo-secretary@cloie.test,1440x900,/secretary/dashboard,Appearance selector (Light / Dark / System),Selector open with Light as the chosen preference (documented default),E-9.8,FALSE,2026-09-14,e18c0e4,Light is the documented default preference.
shared/shared__authenticated-shell__navigation-sidebar__desktop.png,shared,demo-secretary@cloie.test,1440x900,/secretary/programs,Authenticated shell — persistent desktop navigation sidebar + top bar,Default; sidebar item for the current route marked active (aria-current),E-9.8,FALSE,2026-09-14,e18c0e4,"Captured on /secretary/programs; subject is the shared authenticated chrome (top bar + sidebar with aria-current active marker), not the programs content."
shared/shared__landing__default__desktop.png,shared,anonymous,1440x900,/,"Public landing — role entry (""ACD Staff & Faculty"" / ""Students, Alumni & Partners"")","Default, no session, no overlay",E-9.2,FALSE,2026-09-14,e18c0e4,"Public entry point, no session."
shared/shared__landing__default__mobile.png,shared,anonymous,390x844,/,Public landing — role entry paths,Default responsive composition,E-9.6,FALSE,2026-09-14,e18c0e4,
shared/shared__legal-acknowledgement__student-acknowledged__desktop.png,shared,anonymous,1440x900,/portal/respondents → Continue as Student,Legal acknowledgement gate,"Dialog open, checkbox checked (aria-checked=true); not continued — no ticket minted, no OAuth redirect",E-9.7,FALSE,2026-09-14,e18c0e4,"Checkbox checked (aria-checked=true); not continued (no ticket minted, no OAuth redirect)."
shared/shared__legal-acknowledgement__student-unacknowledged__desktop.png,shared,anonymous,1440x900,/portal/respondents → Continue as Student,Legal acknowledgement gate before Google sign-in,"Dialog open, checkbox unchecked (ticket/precondition state)",E-9.5,FALSE,2026-09-14,e18c0e4,"Dialog open, checkbox unchecked; not continued (no ticket minted, no OAuth redirect)."
shared/shared__login__auth-failure__desktop.png,shared,anonymous,1440x900,/login?error=auth-failure,Sign-in surface with the Authentication Failed alert,Error variant of the sign-in surface; bare /login redirects here-equivalent (see aliases),E-9.7,FALSE,2026-09-14,e18c0e4,Bare /login is a redirect-only alias of /portal/respondents; the sign-in surface renders only with ?error=auth-failure.
shared/shared__mobile-navigation__drawer-open__mobile.png,shared,demo-secretary@cloie.test,390x844,/secretary/dashboard,Authenticated shell — mobile navigation drawer (hamburger),"Drawer open (343x844 left sheet), no navigation performed",E-9.6,FALSE,2026-09-14,e18c0e4,"Primary navigation evidence for shell roles; 343x844 left sheet, no navigation performed."
shared/shared__portal-respondents__default__desktop.png,shared,anonymous,1440x900,/portal/respondents,Respondent Portal — Student / Alumni / Industry Partner entry,"Default, no session; canonical target of /login and /portal",E-9.5,FALSE,2026-09-14,e18c0e4,"Canonical target of the /login and /portal redirect-only aliases; aliases documented, not duplicated as frames."
shared/shared__portal-respondents__default__mobile.png,shared,anonymous,390x844,/portal/respondents,Respondent Portal entry,Default responsive composition,E-9.6,FALSE,2026-09-14,e18c0e4,
shared/shared__portal-staff__default__desktop.png,shared,anonymous,1440x900,/portal/staff,Staff & Faculty Portal — Secretary / Dean / Program Head / Faculty / Gen Ed Coordinator entry,"Default, no session",E-9.2,FALSE,2026-09-14,e18c0e4,Staff & Faculty portal entry (Secretary / Dean / Program Head / Faculty / Gen Ed Coordinator).
shared/shared__portal-staff__default__mobile.png,shared,anonymous,390x844,/portal/staff,Staff & Faculty Portal entry,Default responsive composition,E-9.6,FALSE,2026-09-14,e18c0e4,
shared/shared__privacy__default__desktop.png,shared,anonymous,1440x900,/privacy,"Privacy Notice (typed legal content, section table of contents)",Default; in-page TOC + section anchors,E-9.2,FALSE,2026-09-14,e18c0e4,Typed legal content with in-page table of contents.
shared/shared__privacy__default__mobile.png,shared,anonymous,390x844,/privacy,Privacy Notice,Default responsive composition with mobile document navigation,E-9.6,FALSE,2026-09-14,e18c0e4,
shared/shared__terms__default__desktop.png,shared,anonymous,1440x900,/terms,Terms of Use,Default; in-page TOC + section anchors,E-9.2,FALSE,2026-09-14,e18c0e4,Typed legal content with in-page table of contents.
shared/shared__unauthorized__access-denied__desktop.png,shared,demo-secretary@cloie.test,1440x900,/unauthorized,Access-denied surface used for cross-role denial,"Default error surface (""You are signed in, but your current role cannot access this section."")",E-9.7,FALSE,2026-09-14,e18c0e4,Access-denied surface used for cross-role denial.
student/student__dashboard__default__desktop.png,student,demo-student@cloie.test,1440x900,/student/dashboard,Student portal entry,"Signed in, pending evaluation card and KPI summary",E-9.2,FALSE,2026-09-14,e18c0e4,Pending evaluation card and KPI summary; IN PROGRESS 0 (no seeded in-progress response is reachable for this account).
student/student__dashboard__default__mobile.png,student,demo-student@cloie.test,390x844,/student/dashboard,Student portal entry on mobile,Bottom navigation visible with pending evaluation card,E-9.6,FALSE,2026-09-14,e18c0e4,
student/student__evaluation-wizard__introduction__desktop.png,student,demo-student@cloie.test,1440x900,/student/evaluations/ac7ee020-25e0-40c9-b44a-50d020416436,Answer a course-bound evaluation,"Section 1 of 4, untouched, how-to-answer guidance",E-9.5,FALSE,2026-09-14,e18c0e4,Section 1 of 4 of the course-bound evaluation; wizard header report NOT SAVED (no reachable seeded draft exists). UUID abbreviated in the slice ledger; resolved from the seed id constants and verified against the running app.
student/student__evaluation-wizard__introduction__mobile.png,student,demo-student@cloie.test,390x844,/student/evaluations/ac7ee020-25e0-40c9-b44a-50d020416436,Answer a course-bound evaluation,Section 1 of 4 with progress indicator and guidance card,E-9.6,FALSE,2026-09-14,e18c0e4,Section 1 of 4 with progress indicator and guidance card. UUID abbreviated in the slice ledger; resolved from the seed id constants and verified against the running app.
student/student__evaluation-wizard__likert-rating-section__desktop.png,student,demo-student@cloie.test,1440x900,/student/evaluations/ac7ee020-25e0-40c9-b44a-50d020416436,Answer a course-bound evaluation,"Likert rating rows with descriptor labels, none selected",E-9.5,FALSE,2026-09-14,e18c0e4,"Likert rating rows with descriptor labels, none selected. UUID abbreviated in the slice ledger; resolved from the seed id constants and verified against the running app."
student/student__evaluation-wizard__likert-rating-section__mobile.png,student,demo-student@cloie.test,390x844,/student/evaluations/ac7ee020-25e0-40c9-b44a-50d020416436,Answer a course-bound evaluation,"Likert rating rows with descriptor labels, none selected — Distinct evidence for E-9.8: 48px circular radio targets, visible numeric labels, and text descriptor labels on every scale point; the scale wraps 3+2 instead of clipping.",E-9.8,TRUE,2026-09-14,e18c0e4,"Chapter 4 pair member 2: student mobile evaluation-wizard screen. Also E-9.8 accessibility evidence - 48 px circular radio targets, visible numeric labels and text descriptor labels on every scale point; the scale wraps 3+2 instead of clipping. UUID abbreviated in the slice ledger; resolved from the seed id constants and verified against the running app."
student/student__evaluation-wizard__likert-ratings-selected__desktop.png,student,demo-student@cloie.test,1440x900,/student/evaluations/ac7ee020-25e0-40c9-b44a-50d020416436,Answer a course-bound evaluation,"Two of three ratings selected, none submitted",E-9.5,FALSE,2026-09-14,e18c0e4,UUID abbreviated in the slice ledger; resolved from the seed id constants and verified against the running app.
student/student__evaluation-wizard__likert-ratings-selected__mobile.png,student,demo-student@cloie.test,390x844,/student/evaluations/ac7ee020-25e0-40c9-b44a-50d020416436,Answer a course-bound evaluation,One rating selected on a touch target,E-9.6,FALSE,2026-09-14,e18c0e4,UUID abbreviated in the slice ledger; resolved from the seed id constants and verified against the running app.
student/student__evaluation-wizard__progress-indicator__mobile.png,student,demo-student@cloie.test,390x844,/student/evaluations/ac7ee020-25e0-40c9-b44a-50d020416436,Answer a course-bound evaluation,Sticky header progress: section pills and percentage after one rating,E-9.6,FALSE,2026-09-14,e18c0e4,Sticky header progress: section pills and percentage after one rating. Note: the headers sticky positioning does not stick in the running app (document scrolls instead) - see README observation. UUID abbreviated in the slice ledger; resolved from the seed id constants and verified against the running app.
student/student__evaluation-wizard__validation-error__desktop.png,student,demo-student@cloie.test,1440x900,/student/evaluations/ac7ee020-25e0-40c9-b44a-50d020416436,Answer a course-bound evaluation,Blocking validation message after Next Section with unanswered Likert items,E-9.7,FALSE,2026-09-14,e18c0e4,Blocking validation message after Next Section with unanswered Likert items; nothing submitted. UUID abbreviated in the slice ledger; resolved from the seed id constants and verified against the running app.
student/student__evaluation-wizard__validation-error__mobile.png,student,demo-student@cloie.test,390x844,/student/evaluations/ac7ee020-25e0-40c9-b44a-50d020416436,Answer a course-bound evaluation,Blocking validation message and highlighted unanswered fieldset — Secondary E-9.6.,E-9.7,FALSE,2026-09-14,e18c0e4,Blocking validation message with the unanswered fieldset highlighted; nothing submitted. UUID abbreviated in the slice ledger; resolved from the seed id constants and verified against the running app.
student/student__evaluations__available-list__desktop.png,student,demo-student@cloie.test,1440x900,/student/evaluations,Select an assigned evaluation,Available evaluation list with deadline and status,E-9.5,FALSE,2026-09-14,e18c0e4,
student/student__evaluations__available-list__mobile.png,student,demo-student@cloie.test,390x844,/student/evaluations,Select an assigned evaluation on mobile,Available evaluation list with deadline and status,E-9.6,FALSE,2026-09-14,e18c0e4,
student/student__history__submitted-list__desktop.png,student,demo-student@cloie.test,1440x900,/student/history,Review submission history,Submitted responses grouped by evaluation,E-9.5,FALSE,2026-09-14,e18c0e4,
student/student__history__submitted-list__mobile.png,student,demo-student@cloie.test,390x844,/student/history,Review submission history on mobile,Submitted responses grouped by evaluation,E-9.6,FALSE,2026-09-14,e18c0e4,
student/student__profile__academic-context__desktop.png,student,demo-student@cloie.test,1440x900,/student/profile,View profile and academic context,"Program, year level, and section context with data-privacy notice",E-9.2,FALSE,2026-09-14,e18c0e4,"Program, year level and section context with data-privacy notice."
student/student__profile__academic-context__mobile.png,student,demo-student@cloie.test,390x844,/student/profile,View profile on mobile,Program and academic context with data-privacy notice,E-9.6,FALSE,2026-09-14,e18c0e4,
student/student__submitted-response__frozen-answers__desktop.png,student,demo-student@cloie.test,1440x900,/student/history/10d59e06-554b-4646-99b5-44acd2e0c0c7,Review a submitted response,Frozen submitted answers with submission timestamp — Numeric answers only; the three confidential qualitative answers fall below the fold in this frame.,E-9.5,FALSE,2026-09-14,e18c0e4,"Frozen submitted answers with timestamp; numeric answers only, the three confidential qualitative answers fall below the fold. UUID abbreviated in the slice ledger; resolved from the seed id constants and verified against the running app."
student/student__submitted-response__qualitative-section__desktop.png,student,demo-student@cloie.test,1440x900,/student/history/10d59e06-554b-4646-99b5-44acd2e0c0c7,Review a submitted response,Qualitative prompts with redacted confidential answers — Qualitative answers redacted with opaque mask blocks; prompts and structure stay readable.,E-9.5,FALSE,2026-09-14,e18c0e4,Qualitative prompts with the confidential answers masked by opaque blocks; prompts and structure stay readable. UUID abbreviated in the slice ledger; resolved from the seed id constants and verified against the running app.
